scan	charge	exp_neutral_mass	calc_neutral_mass	xcorr	ions_matched	ions_total	plain_peptide
70466	3	4117.462051	4117.448321	6.9839	57	140	LAADEDDDDDDEEDDDEDDDDDDFDDEEAEEKAPVK
71120	3	4117.460441	4117.448321	6.9846	60	140	LAADEDDDDDDEEDDDEDDDDDDFDDEEAEEKAPVK
87329	4	3518.614305	3518.617433	1.5838	42	192	GLTEGLHGFHVHEFGDNTAGCTSAGPHFNPLSR
102326	4	4035.88134	4035.887502	6.7001	84	222	GILGYTEHQVVSSDFNSDTHSSTFDAGAGIALNDHFVK
102968	4	4035.890536	4035.887502	6.2898	88	222	GILGYTEHQVVSSDFNSDTHSSTFDAGAGIALNDHFVK
103621	4	4035.886638	4035.887502	6.1108	78	222	GILGYTEHQVVSSDFNSDTHSSTFDAGAGIALNDHFVK
107413	5	4400.115641	4400.114032	0.601	22	240	NDPPMEAAGFTAQVIILNHPGQISAGYAPVLDCHTAHIACK
107790	3	2364.23228	2364.232526	8.2038	50	84	LTLYDIAHTPGVAADLSHIETK
109915	5	4400.118818	4400.114032	0.5134	21	240	NDPPMEAAGFTAQVIILNHPGQISAGYAPVLDCHTAHIACK
113974	4	3922.008947	3922.007224	5.3379	67	198	LHEEEIQELQAQIQEQHVQIDVDVSKPDLTAALR
114319	5	4384.120501	4384.119117	1.8462	38	240	NDPPMEAAGFTAQVIILNHPGQISAGYAPVLDCHTAHIACK
121180	4	3807.926974	3807.921386	8.954	72	252	ALANVNIGSLICNVGAGGPAPAAGAAPAGGPAPSTAAAPAEEK
124639	4	4856.267571	4856.257045	7.5794	64	276	TEGNIDDSLIGGNASAEGPEGEGTESTVITGVDIVMNHHLQETSFTK
131364	3	2594.357125	2594.352658	11.4649	56	92	VIHDNFGIVEGLMTTVHAITATQK
131926	3	2594.354263	2594.352658	11.6417	59	92	VIHDNFGIVEGLMTTVHAITATQK
