scan	charge	exp_neutral_mass	calc_neutral_mass	xcorr	ions_matched	ions_total	plain_peptide
70466	3	4117.462051	4117.448321	4.9833	31	140	LAADEDDDDDDEEDDDEDDDDDDFDDEEAEEKAPVK
71120	3	4117.460441	4117.448321	5.024	33	140	LAADEDDDDDDEEDDDEDDDDDDFDDEEAEEKAPVK
87329	4	3518.614305	3518.617433	2.346	40	192	GLTEGLHGFHVHEFGDNTAGcCTSAGPHFNPLSR
102326	4	4035.88134	4035.887502	5.0384	28	222	GILGYTEHQVVSSDFNSDTHSSTFDAGAGIALNDHFVK
102968	4	4035.890536	4035.887502	4.7341	30	222	GILGYTEHQVVSSDFNSDTHSSTFDAGAGIALNDHFVK
103621	4	4035.886638	4035.887502	4.6597	31	222	GILGYTEHQVVSSDFNSDTHSSTFDAGAGIALNDHFVK
107413	5	4400.115641	4400.114031	5.0079	34	240	NDPPmMEAAGFTAQVIILNHPGQISAGYAPVLDcCHTAHIAcCK
107790	3	2364.23228	2364.232526	7.5928	33	84	LTLYDIAHTPGVAADLSHIETK
109915	5	4400.118818	4400.114031	4.5904	30	240	NDPPmMEAAGFTAQVIILNHPGQISAGYAPVLDcCHTAHIAcCK
113974	4	3922.008947	3922.007224	4.2528	34	198	LHEEEIQELQAQIQEQHVQIDVDVSKPDLTAALR
114319	5	4384.120501	4384.119117	5.5397	32	240	NDPPMEAAGFTAQVIILNHPGQISAGYAPVLDcCHTAHIAcCK
121180	4	3807.926974	3807.921386	7.7725	32	252	ALANVNIGSLIcCNVGAGGPAPAAGAAPAGGPAPSTAAAPAEEK
124639	4	4856.267571	4856.257045	5.8161	28	276	TEGNIDDSLIGGNASAEGPEGEGTESTVITGVDIVMNHHLQETSFTK
131364	3	2594.357125	2594.352658	10.745	42	92	VIHDNFGIVEGLMTTVHAITATQK
131926	3	2594.354263	2594.352658	10.5439	39	92	VIHDNFGIVEGLMTTVHAITATQK
